EGID,location,design_demand,supply_temp_heat,return_temp_heat,location
295105262,31:E282,8416.4198288159,69,54,A
295074653,24:K734,3076.5911879477,70,50,B
2037037,24:K972,2716.7904205096,52,32,C
