EGID,IDENT,design_demand,supply_temp_heat,return_temp_heat
295105262,31:E282,8416.4198288159,69,54
295074653,24:K734,3076.5911879477,70,50
2037037,24:K972,2716.7904205096,52,32
9082316,31:C401,2483.094055896,67,52
295099542,8:C1072,2028.1436038739,62,43
295060386,8:3350,1791.5104967295,53,36
2034840,8:C1245,1652.2706733858,47,23
2034961,8:C1467,1296.4943147486,65,43
2039538,24:K791,1109.6163028693,54,30
